"EmployeeNumber","UserID","Name","EmailAddress","physicalDeliveryOfficeName","Enabled"
"3033848","Not Found in AD","Not Found in AD","Not Found in AD","Not Found in AD","Not Found in AD"
"3343034","Not Found in AD","Not Found in AD","Not Found in AD","Not Found in AD","Not Found in AD"
"3243057","Not Found in AD","Not Found in AD","Not Found in AD","Not Found in AD","Not Found in AD"
"3343051","Not Found in AD","Not Found in AD","Not Found in AD","Not Found in AD","Not Found in AD"
"3343054","Not Found in AD","Not Found in AD","Not Found in AD","Not Found in AD","Not Found in AD"
"3151467","Not Found in AD","Not Found in AD","Not Found in AD","Not Found in AD","Not Found in AD"
"3239084","Not Found in AD","Not Found in AD","Not Found in AD","Not Found in AD","Not Found in AD"
"3340321","Not Found in AD","Not Found in AD","Not Found in AD","Not Found in AD","Not Found in AD"
"3340321","Not Found in AD","Not Found in AD","Not Found in AD","Not Found in AD","Not Found in AD"
